<?xml version="1.0"?>
<mapping>
   <data sql="select * from T_MD_MANDATE_MERCHANT where MANDATE_STATUS_CODE not IN('LINKED','DELETED')" />
   <root name="pricingInfo" rowName="product">
      <element name="description">
          <attribute name="product_number">MANDATE_IDENTIFIER</attribute>
          <content>MANDATE_LINK_RETRIEVAL_ID</content>
      </element>
      <element name="quantity">
	      <content>MERCHANT_ID</content>
	  </element>
	  <element name="size">
	      <content>MANDATE_ID</content>
	  </element>
	  <element name="sizeUnit">
	      <content>ONFILE_ID</content>
	  </element>
	  <element name="quantityPrice">
	      <content>MAX_AUTO_AUTH_LIMIT</content>
	  </element>
	</root>
</mapping>