<root>
  <facet id="jpt.jaxb">
    <node name="classgen">
      <attribute name="package" value=""/>
    </node>
    <node name="libprov">
      <attribute name="provider-id" value="jaxb-jre-library-provider"/>
    </node>
    <node name="platform">
      <attribute name="platform-id" value="generic_2_2"/>
    </node>
    <node name="schemas">
      <node name="schema-1">
        <attribute name="location" value="platform:/resource/temp/src/com/test/head.001.001.01.xsd"/>
      </node>
      <node name="schema-2">
        <attribute name="location" value="platform:/resource/temp/src/com/test/rain.002.001.01.xsd"/>
      </node>
      <node name="schema-3">
        <attribute name="location" value="platform:/resource/temp/schema/RFPBatchFile.xsd"/>
      </node>
    </node>
  </facet>
</root>
