<?xml version="1.0" encoding="UTF-8" standalone="yes"?><RFPBatchFile xmlns="http://ap.com/xsd/message/iso20022/RFPBatchInput" xmlns:ns2="urn:iso:std:iso:20022:tech:xsd:head.001.001.01" xmlns:ns3="urn:iso:std:iso:20022:tech:xs:rain.001.001.01" xmlns:ns4="urn:iso:std:iso:20022:tech:xs:rain.002.001.01"><Hdr><FileTp>RFPInputFromDistributor</FileTp><FileRef>RTLR013rra</FileRef><SndgPty><Id>Zapp</Id><Tp>SCHM</Tp></SndgPty><RcptPty><Id>Zapp</Id><Tp>SCHM</Tp></RcptPty><FileBusDt>2019-03-25T14:35:31.850+05:30</FileBusDt></Hdr><LogclFile><LogclHdr><LogclFileRef>RTLR013rra</LogclFileRef><MsgTp>RTLRespFromDist</MsgTp><SndgPty><Id>Zapp</Id><Tp>SCHM</Tp></SndgPty><Acqrr><Id>Zapp</Id><Tp>SCHM</Tp></Acqrr><Issr><Id>Zapp</Id><Tp>SCHM</Tp></Issr><RcptPty><Id>Zapp</Id><Tp>SCHM</Tp></RcptPty></LogclHdr></LogclFile><LogclFile><Message><RspnMessage><MsgRef>MsgRef</MsgRef><RspnPayload><ns2:AppHdr><ns2:CharSet>Charset</ns2:CharSet><ns2:Fr><ns2:OrgId><ns2:Nm>String</ns2:Nm><ns2:PstlAdr><ns2:AdrTp>BIZZ</ns2:AdrTp><ns2:Dept>String</ns2:Dept><ns2:SubDept>String</ns2:SubDept><ns2:StrtNm>String</ns2:StrtNm><ns2:BldgNb>String</ns2:BldgNb><ns2:TwnNm>String</ns2:TwnNm><ns2:CtrySubDvsn>String</ns2:CtrySubDvsn><ns2:Ctry>US</ns2:Ctry></ns2:PstlAdr><ns2:Id><ns2:OrgId><ns2:AnyBIC>String</ns2:AnyBIC></ns2:OrgId><ns2:PrvtId><ns2:DtAndPlcOfBirth><ns2:BirthDt>2019-03-25T14:35:31.850+05:30</ns2:BirthDt><ns2:PrvcOfBirth>PrvcOfBirth</ns2:PrvcOfBirth><ns2:CityOfBirth>CityOfBirth</ns2:CityOfBirth><ns2:CtryOfBirth>US</ns2:CtryOfBirth></ns2:DtAndPlcOfBirth></ns2:PrvtId></ns2:Id><ns2:CtctDtls><ns2:Nm>Bharat</ns2:Nm><ns2:PhneNb>786778909</ns2:PhneNb><ns2:MobNb>4546788990</ns2:MobNb><ns2:FaxNb>9910967473</ns2:FaxNb><ns2:EmailAdr>BharatTest@gmail.com</ns2:EmailAdr><ns2:Othr>other</ns2:Othr></ns2:CtctDtls></ns2:OrgId></ns2:Fr><ns2:To><ns2:OrgId><ns2:Nm>String</ns2:Nm><ns2:PstlAdr><ns2:AdrTp>BIZZ</ns2:AdrTp><ns2:Dept>String</ns2:Dept><ns2:SubDept>String</ns2:SubDept><ns2:StrtNm>String</ns2:StrtNm><ns2:BldgNb>String</ns2:BldgNb><ns2:TwnNm>String</ns2:TwnNm><ns2:CtrySubDvsn>String</ns2:CtrySubDvsn><ns2:Ctry>US</ns2:Ctry></ns2:PstlAdr><ns2:Id><ns2:OrgId><ns2:AnyBIC>String</ns2:AnyBIC></ns2:OrgId><ns2:PrvtId><ns2:DtAndPlcOfBirth><ns2:BirthDt>2019-03-25T14:35:31.850+05:30</ns2:BirthDt><ns2:PrvcOfBirth>PrvcOfBirth</ns2:PrvcOfBirth><ns2:CityOfBirth>CityOfBirth</ns2:CityOfBirth><ns2:CtryOfBirth>US</ns2:CtryOfBirth></ns2:DtAndPlcOfBirth></ns2:PrvtId></ns2:Id><ns2:CtctDtls><ns2:Nm>Bharat</ns2:Nm><ns2:PhneNb>786778909</ns2:PhneNb><ns2:MobNb>4546788990</ns2:MobNb><ns2:FaxNb>9910967473</ns2:FaxNb><ns2:EmailAdr>BharatTest@gmail.com</ns2:EmailAdr><ns2:Othr>other</ns2:Othr></ns2:CtctDtls></ns2:OrgId></ns2:To><ns2:BizMsgIdr>MsgDefIdr</ns2:BizMsgIdr><ns2:BizSvc>BizSvc</ns2:BizSvc><ns2:CreDt>2019-03-25T14:35:31.850+05:30</ns2:CreDt><ns2:CpyDplct>CODU</ns2:CpyDplct><ns2:PssblDplct>false</ns2:PssblDplct><ns2:Prty>Prty</ns2:Prty></ns2:AppHdr><ns4:Document><ns4:Prsntmnt><ns4:Hdr><ns4:MsgFctn>OPIN</ns4:MsgFctn><ns4:PrtcolVrsn>001</ns4:PrtcolVrsn><ns4:XchgId>001</ns4:XchgId><ns4:CreDtTm>2019-03-25T14:35:31.850+05:30</ns4:CreDtTm><ns4:InitgPty><ns4:Id>000010SANAKHAN</ns4:Id><ns4:Tp>ACCP</ns4:Tp><ns4:Issr>TAXH</ns4:Issr><ns4:Ctry>US</ns4:Ctry><ns4:ShrtNm>string</ns4:ShrtNm></ns4:InitgPty><ns4:RcptPty><ns4:Id>String</ns4:Id><ns4:Tp>ACQR</ns4:Tp><ns4:Issr>ACCP</ns4:Issr><ns4:Ctry>US</ns4:Ctry><ns4:ShrtNm>string</ns4:ShrtNm><ns4:RmotAccs><ns4:Adr><ns4:NtwkTp>PSTN</ns4:NtwkTp><ns4:AdrVal>string</ns4:AdrVal></ns4:Adr><ns4:UsrNm>string</ns4:UsrNm><ns4:AccsCd>R0VFS1M=</ns4:AccsCd></ns4:RmotAccs></ns4:RcptPty><ns4:Tracblt><ns4:RlayId><ns4:Id>009368</ns4:Id><ns4:Tp>ACQR</ns4:Tp><ns4:Issr>CISS</ns4:Issr><ns4:Ctry>US</ns4:Ctry><ns4:ShrtNm>string</ns4:ShrtNm></ns4:RlayId><ns4:PrtcolNm>string</ns4:PrtcolNm><ns4:PrtcolVrsn>string</ns4:PrtcolVrsn><ns4:TracDtTmIn>2019-03-25T14:35:31.850+05:30</ns4:TracDtTmIn><ns4:TracDtTmOut>2019-03-25T14:35:31.850+05:30</ns4:TracDtTmOut></ns4:Tracblt></ns4:Hdr><ns4:PrsntmntRes><ns4:Envt><ns4:Acqrr><ns4:Id><ns4:Id>009368</ns4:Id><ns4:Tp>ACQR</ns4:Tp><ns4:Issr>CISS</ns4:Issr><ns4:Ctry>US</ns4:Ctry><ns4:ShrtNm>string</ns4:ShrtNm></ns4:Id></ns4:Acqrr><ns4:Mrchnt><ns4:Id><ns4:Id>00CI74GRS</ns4:Id><ns4:Tp>MERC</ns4:Tp><ns4:Issr>CISS</ns4:Issr><ns4:ShrtNm>string</ns4:ShrtNm></ns4:Id><ns4:CmonNm>stringstringstringstrings</ns4:CmonNm><ns4:LctnCtgy>HOME</ns4:LctnCtgy><ns4:LctnAndCtct><ns4:PstlAdr><ns4:ShppgAdrId>string</ns4:ShppgAdrId><ns4:FIRegd>false</ns4:FIRegd><ns4:ThrdPtyAdrInd>false</ns4:ThrdPtyAdrInd><ns4:Dept>string</ns4:Dept><ns4:SubDept>string</ns4:SubDept><ns4:AdrLine>String</ns4:AdrLine><ns4:StrtNm>string</ns4:StrtNm><ns4:BldgNb>string</ns4:BldgNb><ns4:PstCd>string</ns4:PstCd><ns4:TwnNm>string</ns4:TwnNm><ns4:CtrySubDvsn>string</ns4:CtrySubDvsn><ns4:CtryCd>US</ns4:CtryCd></ns4:PstlAdr><ns4:Email>string</ns4:Email><ns4:URLAdr>string</ns4:URLAdr><ns4:Phne>string</ns4:Phne><ns4:AddtlCtctInf>string</ns4:AddtlCtctInf></ns4:LctnAndCtct><ns4:SchmeData>string</ns4:SchmeData></ns4:Mrchnt><ns4:CstmrFinInst><ns4:Id><ns4:Id>009368</ns4:Id><ns4:Tp>ACQR</ns4:Tp><ns4:Issr>CISS</ns4:Issr><ns4:Ctry>US</ns4:Ctry><ns4:ShrtNm>string</ns4:ShrtNm></ns4:Id></ns4:CstmrFinInst><ns4:Customer><ns4:Id><ns4:DrvrLicNb>String</ns4:DrvrLicNb><ns4:DrvrLicLctn>string</ns4:DrvrLicLctn><ns4:DrvrId>String</ns4:DrvrId><ns4:CstmrNb>String</ns4:CstmrNb><ns4:AlnRegnNb>string</ns4:AlnRegnNb><ns4:PsptNb>string</ns4:PsptNb><ns4:TaxIdNb>string</ns4:TaxIdNb><ns4:IdntyCardNb>string</ns4:IdntyCardNb><ns4:MplyrIdNb>string</ns4:MplyrIdNb><ns4:MplyeeIdNb>string</ns4:MplyeeIdNb><ns4:JobNb>string</ns4:JobNb><ns4:Dept>string</ns4:Dept><ns4:EmailAdr>string</ns4:EmailAdr><ns4:Othr><ns4:Id>string</ns4:Id><ns4:IdTp>String</ns4:IdTp></ns4:Othr></ns4:Id><ns4:Nm><ns4:NmPrfx><ns4:Cd>DOCT</ns4:Cd><ns4:XtndedNmPrfx>XNP</ns4:XtndedNmPrfx></ns4:NmPrfx><ns4:GvnNm>string</ns4:GvnNm><ns4:MddlNm>string</ns4:MddlNm><ns4:LstNm>string</ns4:LstNm></ns4:Nm><ns4:Lang>string</ns4:Lang><ns4:BllgAdr><ns4:ShppgAdrId>string</ns4:ShppgAdrId><ns4:FIRegd>false</ns4:FIRegd><ns4:ThrdPtyAdrInd>false</ns4:ThrdPtyAdrInd><ns4:Dept>string</ns4:Dept><ns4:SubDept>string</ns4:SubDept><ns4:AdrLine>String</ns4:AdrLine><ns4:StrtNm>string</ns4:StrtNm><ns4:BldgNb>string</ns4:BldgNb><ns4:PstCd>string</ns4:PstCd><ns4:TwnNm>string</ns4:TwnNm><ns4:CtrySubDvsn>string</ns4:CtrySubDvsn><ns4:CtryCd>US</ns4:CtryCd></ns4:BllgAdr><ns4:ShppgAdr><ns4:ShppgAdrId>string</ns4:ShppgAdrId><ns4:FIRegd>false</ns4:FIRegd><ns4:ThrdPtyAdrInd>false</ns4:ThrdPtyAdrInd><ns4:Dept>string</ns4:Dept><ns4:SubDept>string</ns4:SubDept><ns4:AdrLine>String</ns4:AdrLine><ns4:StrtNm>string</ns4:StrtNm><ns4:BldgNb>string</ns4:BldgNb><ns4:PstCd>string</ns4:PstCd><ns4:TwnNm>string</ns4:TwnNm><ns4:CtrySubDvsn>string</ns4:CtrySubDvsn><ns4:CtryCd>US</ns4:CtryCd></ns4:ShppgAdr><ns4:PrsnlData><ns4:MobNb>string</ns4:MobNb></ns4:PrsnlData><ns4:Prfrnc>MOBV</ns4:Prfrnc></ns4:Customer><ns4:POI><ns4:Id><ns4:Id>000010SANAKHAN</ns4:Id><ns4:Tp>ACCP</ns4:Tp><ns4:Issr>TAXH</ns4:Issr><ns4:Ctry>US</ns4:Ctry><ns4:ShrtNm>string</ns4:ShrtNm></ns4:Id><ns4:SysNm>String</ns4:SysNm><ns4:GrpId>String</ns4:GrpId><ns4:BrowserInfo><ns4:UserAgent>userAgent</ns4:UserAgent><ns4:ActiveHeaders>ActiveHeaders</ns4:ActiveHeaders><ns4:TimeZone>TimeZone</ns4:TimeZone><ns4:Screen>Screen</ns4:Screen></ns4:BrowserInfo><ns4:TmZone>TmZone</ns4:TmZone><ns4:TermnlIntgtn>INDR</ns4:TermnlIntgtn><ns4:MerchantRtnStrng>MerchantRtnStrng</ns4:MerchantRtnStrng><ns4:Cmpnt/></ns4:POI><ns4:Card/><ns4:Wllt/><ns4:PmtTkn/></ns4:Envt><ns4:Tx/><ns4:SplmtryData/></ns4:PrsntmntRes></ns4:Prsntmnt></ns4:Document></RspnPayload></RspnMessage></Message></LogclFile><Trlr><LogclFileCnt>0.03</LogclFileCnt></Trlr></RFPBatchFile>